source_line,unix_time,monotonic,group_sequence_le,fragment_le,att_value_hex
543,1789484857.6132803,46758.445207,158,0,9e00000076d9e3c1b47d747194a0146d891b04a5
544,1789484857.6139636,46758.4458903,158,1,9e000100546372e4e6475042bbc65a05db3ab748
545,1789484857.6147192,46758.4466461,158,2,9e0002004d0b98760bcde9fb07009e00db3ab748
546,1789484857.63355,46758.4654767,159,0,9f0000003adde60496a7139260621a55dcea2231
547,1789484857.6340384,46758.4659655,159,1,9f00010043ce76047c252365a56fa9a88fd9c1ae
548,1789484857.6347365,46758.4666634,159,2,9f00020021d983d1a5fa615f10009f008fd9c1ae
549,1789484857.6532917,46758.4852186,160,0,a000000046bf7f6160f7044d99143df7d93ddb39
550,1789484857.6539578,46758.4858848,160,1,a00001005a15b34042cfb802213351eac2c9843f
551,1789484857.65475,46758.486677,160,2,a0000200785eb01d043be9fb0200a000c2c9843f
552,1789484857.673289,46758.5052157,161,0,a100000056b8846db3791e6e6e8f335757fbdcde
553,1789484857.6739922,46758.505919,161,1,a1000100d91574fe889cf4e1a2d1905cd6038627
554,1789484857.6748865,46758.506813,161,2,a10002003f26c55ac61bc7190100a100d6038627
556,1789484857.6932695,46758.5251962,162,0,a2000000c5a8983651dfde334e940d0f3392cd30
557,1789484857.6939423,46758.525869,162,1,a20001002fc627fb7794ec83a50109da05008f50
558,1789484857.6947093,46758.526636,162,2,a2000200243b0882bf96b9e70000a20005008f50
559,1789484857.713302,46758.5452287,163,0,a30000008e9ee4b02421ba5d5f268f63af752920
560,1789484857.713983,46758.5459097,163,1,a3000100f70cf37b13ad4017c4c043c896573b01
561,1789484857.714725,46758.5466518,163,2,a30002003f50b6d19c1be9230000a30096573b01
562,1789484857.733275,46758.5652016,164,0,a4000000da8de2ccae74bcd473b65f9c47e60c98
563,1789484857.7339602,46758.5658869,164,1,a4000100d03107fb24cc256efc1a0e7c2ecf4d8b
564,1789484857.7347293,46758.5666561,164,2,a4000200e6c87a65262ee9660000a4002ecf4d8b
565,1789484857.753294,46758.5852208,165,0,a50000007a852c084d3eb8987387e5b831e87e48
566,1789484857.7539465,46758.5858732,165,1,a5000100b51e42411d439ccf95a15d380240bef3
567,1789484857.7547395,46758.5866663,165,2,a5000200f68c11121f71c1090000a5000240bef3
568,1789484857.7732842,46758.6052108,166,0,a60000005a74e2044d1e99bfa3ad6393843813d8
569,1789484857.7739463,46758.6058731,166,1,a6000100232740e0aa2e00d4b415148fc61b77f8
570,1789484857.7747025,46758.6066292,166,2,a6000200c667bc663e2a39670000a600c61b77f8
571,1789484857.7932858,46758.6252127,167,0,a700000027746ee0474a3dbc33760314da74a6ad
572,1789484857.7939649,46758.6258915,167,1,a70001006f7e3476250c860febcabd09b258cd5e
573,1789484857.7947466,46758.6266735,167,2,a7000200175d9bc4befea92a0000a700b258cd5e
574,1789484857.8133044,46758.6452311,168,0,a80000002774f2e5403c1e8c69a1187564d9de86
575,1789484857.8139675,46758.6458941,168,1,a80001001881ff42bf4155595d2287b345525452
576,1789484857.814715,46758.6466417,168,2,a8000200feb43782ce37a9a20000a80045525452
577,1789484857.8333156,46758.6652424,169,0,a9000000a6640362c00e494792047c042ee1ce24
578,1789484857.833986,46758.6659127,169,1,a9000100129cb26d182cc46e5950973c6fcf8448
579,1789484857.8347175,46758.6666442,169,2,a9000200f5e536271382933c0000a9006fcf8448
580,1789484857.8532755,46758.6852024,170,0,aa000000a76c6e656ef4cd46655e07b46a2a542d
581,1789484857.853996,46758.6859229,170,1,aa0001009a0c9fcba2429925caf646c9bce1b44c
582,1789484857.8547282,46758.6866549,170,2,aa000200c201ef2fbf13e97b0000aa00bce1b44c
583,1789484857.873279,46758.7052056,171,0,ab000000a7747fe14604180c186b5eaa91e77701
584,1789484857.873958,46758.7058849,171,1,ab0001006566760d52505825509f20574a114f23
585,1789484857.8747306,46758.7066574,171,2,ab0002003b981425003b518f0000ab004a114f23
586,1789484857.8932664,46758.7251932,172,0,ac000000c66262101604785682401f4fd99e0c37
587,1789484857.8939674,46758.7258941,172,1,ac0001001040c1ec82c362fc5c9c5e639cb3cd90
588,1789484857.8947322,46758.7266591,172,2,ac00020032238b9c0ecce9fb0000ac009cb3cd90
589,1789484857.9132624,46758.7451892,173,0,ad000000da6c7ef6b50c4d911a5e9d0c5c5d7546
590,1789484857.9139645,46758.7458913,173,1,ad0001004770bc022dfdfcd51e1e7f32f226bd67
591,1789484857.914758,46758.7466848,173,2,ad0002003d42c971a77be9eb0000ad00f226bd67
592,1789484857.9332874,46758.7652141,174,0,ae000000da6c7f54a66eb4a21ad56813358dd66a
593,1789484857.9339592,46758.7658858,174,1,ae000100764025f60cd40104d1e415eb8a40c8ec
594,1789484857.9347415,46758.7666683,174,2,ae000200f5dead04c637e9230000ae008a40c8ec
595,1789484857.953289,46758.7852157,175,0,af000000a76c6c0c2d396412c4db009b21b51312
596,1789484857.953961,46758.7858877,175,1,af00010034c59076f717d75e2780d44e3a2c2605
597,1789484857.9547405,46758.7866672,175,2,af00020030049ac0227ae92f0000af003a2c2605
598,1789484857.9732935,46758.8052204,176,0,b0000000e66bc40401a3639015d190e441eb31bc
599,1789484857.9739716,46758.8058984,176,1,b00001008604d4416376fa92e39c4fe24163fb81
600,1789484857.9747539,46758.8066806,176,2,b000020010f8c62c1f11e9ec0000b0004163fb81
601,1789484857.993301,46758.8252277,177,0,b1000000c663861187b504b078abec80fb1196a6
602,1789484857.993992,46758.8259191,177,1,b10001006e96101c7329ac54004e4f2643807b3e
603,1789484857.994753,46758.8266796,177,2,b1000200f5c2e6d577cbc19c0000b10043807b3e
604,1789484858.0132911,46758.8452178,178,0,b2000000d66c6e61123c24d86f44119cb2868782
605,1789484858.0139823,46758.8459091,178,1,b20001009e470795f01f9e4c9d05c018d18796a4
606,1789484858.01479,46758.846717,178,2,b200020039b65eec0ce341a10000b200d18796a4
607,1789484858.0333126,46758.8652392,179,0,b3000000b76c7fe136f5c060f7b13825907542ce
608,1789484858.0339892,46758.8659159,179,1,b30001001f47564ed134cc0044be0d6ba4dfe17d
609,1789484858.0347736,46758.8667003,179,2,b30002004027ef000e3b09220000b300a4dfe17d
610,1789484858.0532997,46758.8852265,180,0,b4000000d66c0ae108a063184704a204824f5061
611,1789484858.0539982,46758.8859252,180,1,b40001006b801d30805547952ca6f22754571fdc
612,1789484858.054758,46758.886685,180,2,b40002009d7ae6744e3849250000b40054571fdc
613,1789484858.0733216,46758.9052483,181,0,b500000036750b614b1165fbb4505dc17be08c46
614,1789484858.0739977,46758.9059245,181,1,b500010080007830309ee606ff86a41af6eee282
615,1789484858.0747535,46758.9066803,181,2,b500020078c0d9af0e3999c20000b500f6eee282
616,1789484858.093304,46758.9252306,182,0,b6000000746b2c0635c22ba46dc517410e0b2f95
617,1789484858.093968,46758.9258947,182,1,b60001009d5d36d43b4190839436118c3096a586
618,1789484858.09477,46758.9266968,182,2,b6000200834d9d997c1069f70000b6003096a586
619,1789484858.1132958,46758.9452226,183,0,b7000000d66c72e04308b20470487c043826282b
620,1789484858.113997,46758.9459239,183,1,b70001002cb625587536e740bc4a7210c401059a
621,1789484858.1147761,46758.9467028,183,2,b7000200c85fb567a73be9bb0000b700c401059a
622,1789484858.1332939,46758.9652207,184,0,b80000008f63c0e0e28457b03360632b637904dc
623,1789484858.1339953,46758.9659221,184,1,b8000100be46e3c8b78612e89dced356596d7a3f
624,1789484858.1347847,46758.9667115,184,2,b800020074dfbc2c3b1a49380000b800596d7a3f
625,1789484858.1532836,46758.9852104,185,0,b90000002e64e20e11c57c90a34002970811e4da
626,1789484858.1539698,46758.9858964,185,1,b9000100380ae701d76df0b94798f83ed8984370
627,1789484858.1547666,46758.9866934,185,2,b9000200e3f1011b66f0e99b0000b900d8984370
628,1789484858.173293,46759.0052199,186,0,ba0000003a6c2c46b7b3f3e8a9608693625fcad4
629,1789484858.173991,46759.0059176,186,1,ba0001008d7523870621bd8e672610195a053b77
630,1789484858.174767,46759.0066939,186,2,ba000200dba88ff4a7f769d00000ba005a053b77
631,1789484858.1932719,46759.0251984,187,0,bb0000007663e7c4b0a438ef241e943869254416
632,1789484858.1939995,46759.0259263,187,1,bb0001009c3977967cb0993812a201204d61ccdc
633,1789484858.1947765,46759.0267034,187,2,bb000200f89e93057ce2e9fb0000bb004d61ccdc
634,1789484858.2133107,46759.0452375,188,0,bc000000d66caa6519f8e20a3f94eb45d1e4bcda
635,1789484858.2140005,46759.0459272,188,1,bc000100c662d56d2b073725c87604afe896e7a5
636,1789484858.2147825,46759.0467092,188,2,bc000200c62e9b489d3f31cb0000bc00e896e7a5
637,1789484858.2332964,46759.0652231,189,0,bd000000a76c7f6590248ea7a4cc7da0cb419149
638,1789484858.2340088,46759.0659356,189,1,bd0001009862c56b546cd5b1b6001610629c4335
639,1789484858.234771,46759.0666977,189,2,bd00020073e6565f4e39e9bb0000bd00629c4335
640,1789484858.2532783,46759.085205,190,0,be000000876362e00e3843c5aa26f3c6fa6fbb0f
641,1789484858.2539976,46759.0859244,190,1,be000100354ef35401957b3482c9c1101a4471cf
642,1789484858.2547703,46759.0866969,190,2,be00020050a6de9a0aede9470000be001a4471cf
643,1789484858.2732835,46759.1052103,191,0,bf00000076622c061804945173121898222e7cf2
644,1789484858.2739797,46759.1059065,191,1,bf000100a86a82147c492165cc403aac5f119203
645,1789484858.2747622,46759.106689,191,2,bf000200dd64e1d82e7edfe50000bf005f119203
646,1789484858.2933173,46759.1252441,192,0,c000000096628cfc7d85145a97275328b450bb93
647,1789484858.2939775,46759.1259043,192,1,c00001001033b643bf3dddafc61ed4c670b0f315
648,1789484858.2947705,46759.1266972,192,2,c0000200ac69ce3f0347717c0000c00070b0f315
649,1789484858.3132982,46759.1452251,193,0,c1000000d66c7d64218192eca7430a770bbf559e
650,1789484858.313977,46759.145904,193,1,c10001008968d60955d789467444b94d77809631
651,1789484858.3147671,46759.1466939,193,2,c1000200ea452439463989380000c10077809631
652,1789484858.333302,46759.1652288,194,0,c20000002674727d2f80aa4f50802ec095298629
653,1789484858.3339818,46759.1659084,194,1,c200010024f59b2eb44ef8eca29f07724215b775
654,1789484858.3347714,46759.1666982,194,2,c2000200b180a5a8cebfe9a70000c2004215b775
655,1789484858.353295,46759.1852218,195,0,c300000027742afda2e15a3623454400db2467b7
656,1789484858.353982,46759.1859086,195,1,c3000100c1628239bd9d8653c6f73a8b4761d392
657,1789484858.3547642,46759.1866911,195,2,c3000200102c9e890a39e9fb0000c3004761d392
658,1789484858.3733008,46759.2052276,196,0,c4000000da6ce204962a23e660f795108feabe9f
659,1789484858.3739777,46759.2059043,196,1,c40001009a7aa3563ee0ddf641f05a507970d823
660,1789484858.374773,46759.2066997,196,2,c4000200e4d173870c2ee9cf0000c4007970d823
661,1789484858.393294,46759.2252208,197,0,c5000000a66c22018b608205400c64094295ef8e
662,1789484858.3939826,46759.2259095,197,1,c5000100b5469025538238a2c568899e2f841bb4
663,1789484858.3947709,46759.2266977,197,2,c50002008603e6a1fc9b69b00000c5002f841bb4
664,1789484858.4132886,46759.2452156,198,0,c6000000aa64c40636331517158c4a04211af42e
665,1789484858.4139764,46759.2459029,198,1,c60001003d3dc28c4aa92082f0d6c5b15d96606d
666,1789484858.4147928,46759.2467196,198,2,c6000200d3c13533277aa98d0000c6005d96606d
667,1789484858.4333158,46759.2652426,199,0,c7000000da6cc608920c4034a35be7615b1c71af
668,1789484858.4340062,46759.2659329,199,1,c7000100a568faab04605e6cf68f312630908729
669,1789484858.434806,46759.2667328,199,2,c7000200f58c2154447121430000c70030908729
670,1789484858.4533465,46759.2852734,200,0,c8000000ce6bf601d1055b3d84f5ce993857d467
671,1789484858.4540236,46759.2859506,200,1,c800010017b2a2621298f621dc28adef9befe002
672,1789484858.454774,46759.2867007,200,2,c8000200900f5bd6576449b80000c8009befe002
673,1789484858.4732847,46759.3052112,201,0,c90000003a6d3fc87255854c11d5000753848d00
674,1789484858.474001,46759.3059278,201,1,c90001007f13f0400715c42044203d44738dea55
675,1789484858.4747727,46759.3066995,201,2,c90002008d8b32650c3be9fb0000c900738dea55
676,1789484858.4932854,46759.3252123,202,0,ca0000002a6cc056b21c600f0b8db4b6fade839c
677,1789484858.4939792,46759.3259059,202,1,ca0001001547326d1e3f3f44111dd1e7cb2e549d
678,1789484858.4947608,46759.3266875,202,2,ca000200f0c4bb9e221ee9810000ca00cb2e549d
679,1789484858.513311,46759.3452378,203,0,cb0000005a75dec45eccf3498c9b36be4761ac13
680,1789484858.513985,46759.3459119,203,1,cb00010096976bf37643babddde0f3699788f226
681,1789484858.5147958,46759.3467226,203,2,cb000200709ab643777ba9c50000cb009788f226
682,1789484858.53333,46759.3652567,204,0,cc000000d66c0962579682b0939c8432689998fd
683,1789484858.5340235,46759.3659501,204,1,cc00010083761450a68e9464d40fd9164a7c3089
684,1789484858.5347674,46759.3666941,204,2,cc000200601857889c2fc9740000cc004a7c3089
685,1789484858.5532901,46759.3852171,205,0,cd0000009662e7c4dd10f54e59cea5e35326de68
686,1789484858.5540001,46759.3859269,205,1,cd000100867658f2e3e0f7942f52a103d25b3489
687,1789484858.5548413,46759.3867682,205,2,cd000200f3005eec32cae97b0000cd00d25b3489
688,1789484858.573309,46759.4052356,206,0,ce000000aa6cc404109750394e9b343f197aa4c3
689,1789484858.5740113,46759.4059381,206,1,ce000100be07e7e17528153e1f63bdd80231e0b5
690,1789484858.5747738,46759.4067006,206,2,ce000200e9a717854e7b19b50000ce000231e0b5
691,1789484858.593303,46759.4252298,207,0,cf000000eb747fcc340b85b6b299d01e030f92e0
692,1789484858.593988,46759.4259146,207,1,cf0001008660d63c1fba1c4816cc071cc4c329d1
693,1789484858.5947783,46759.426705,207,2,cf0002001d6c42614839e91b0000cf00c4c329d1
694,1789484858.613301,46759.4452278,208,0,d0000000b664226037bc19c999a123af04917fe2
695,1789484858.6140027,46759.4459294,208,1,d0000100d54ad4b57cb84d557940689587ac46fa
696,1789484858.6148086,46759.4467354,208,2,d00002008721394e5019e94b0000d00087ac46fa
697,1789484858.633303,46759.4652299,209,0,d1000000d66c346c1cc2ebe85442aef1faa5fb63
698,1789484858.6339996,46759.4659264,209,1,d1000100175cffe86c2cf3e384ff81f24a88d450
699,1789484858.6347747,46759.4667017,209,2,d1000200fea517609d9be97b0000d1004a88d450
700,1789484858.653307,46759.4852338,210,0,d2000000565be7cc37384d01c59bd95dfb437690
701,1789484858.65399,46759.485917,210,1,d20001003235d220b886b7a1ca309e3475d94c73
702,1789484858.654815,46759.4867418,210,2,d2000200b726a71c0ecce9630000d20075d94c73
703,1789484858.6733272,46759.5052539,211,0,d3000000da6c020734480452a30d1665b0cbaab0
704,1789484858.674012,46759.5059386,211,1,d30001000c32d2d50f0036430bd3b9f8b87de5ec
705,1789484858.6747763,46759.5067032,211,2,d3000200f228d7319d83e9d10000d300b87de5ec
706,1789484858.6933773,46759.5253042,212,0,d40000006e5be2021a61bbd56392de77b245bdcc
707,1789484858.6939917,46759.5259186,212,1,d40001003442230b5f51e086022302090d4f643f
708,1789484858.6947997,46759.5267263,212,2,d4000200c4e4a7157ef8e95b0000d4000d4f643f
709,1789484858.7133534,46759.5452803,213,0,d5000000da6c32c435164092bfdab7fff932223b
710,1789484858.7139986,46759.5459255,213,1,d5000100ae82ad726e80cfeffd9c9c787f7d1b53
711,1789484858.714764,46759.5466907,213,2,d5000200b59c874b503ee9130000d5007f7d1b53
712,1789484858.7333272,46759.5652538,214,0,d6000000aa647f0426474ff4ff46f370fcb8928c
713,1789484858.734012,46759.5659387,214,1,d60001002e15b0a40c6494652f4ad2025bd8d3b8
714,1789484858.734795,46759.5667219,214,2,d6000200df2e0ed7003bcdd60000d6005bd8d3b8
715,1789484858.7533114,46759.5852382,215,0,d7000000a76c6c61430ad255e7cd572d03040d8f
716,1789484858.7540278,46759.5859545,215,1,d700010023465034c8bc5a42ec742f54ddc68692
717,1789484858.7547548,46759.5866814,215,2,d7000200452858c11c6051930000d700ddc68692
718,1789484858.7732964,46759.6052231,216,0,d8000000a6642b601366ba5c65ec1a2e2593f534
719,1789484858.7739744,46759.6059013,216,1,d80001007f287c823bc9624c35159da4b48132c4
720,1789484858.7747798,46759.6067066,216,2,d8000200a003602ad32169be0000d800b48132c4
721,1789484858.793296,46759.625223,217,0,d9000000b66472041c20709505441c119a38c8be
722,1789484858.7939932,46759.6259201,217,1,d90001000e075e116ff42f11586148c121cc94c5
723,1789484858.7947845,46759.6267111,217,2,d900020047c30e910e3bb58f0000d90021cc94c5
724,1789484858.813327,46759.645254,218,0,da00000026746c044744b590f746448024564823
725,1789484858.8140442,46759.645971,218,1,da0001000770bea0437bb915846db5a09f0c48a7
726,1789484858.8147697,46759.6466964,218,2,da000200a29cb0eebf7b69c60000da009f0c48a7
727,1789484858.8332977,46759.6652244,219,0,db000000fe6c2c061721239e7d920f8636714eb8
728,1789484858.8339977,46759.6659246,219,1,db00010061501f6715b3c68314c38d4615b90804
729,1789484858.8347852,46759.6667122,219,2,db000200db628cc40e13e9e10000db0015b90804
730,1789484858.8533003,46759.6852268,220,0,dc000000da64dece78094c64a24690642d1f605e
731,1789484858.8539836,46759.6859106,220,1,dc000100b63625485db0f25572a6d13cf2e7d2aa
732,1789484858.854792,46759.6867189,220,2,dc0002008c679f300f13dbb90000dc00f2e7d2aa
733,1789484858.8733015,46759.7052281,221,0,dd000000ef6262a47399aa81b6cdcb17f318755f
734,1789484858.8740108,46759.7059376,221,1,dd00010037565fc51b2faa93f9294b2c6893351a
735,1789484858.8747807,46759.7067075,221,2,dd000200e018ba4a00cce9fb0000dd006893351a
736,1789484858.893322,46759.7252487,222,0,de0000002a6ce20498089ac68ab3b57fc5b3b24f
737,1789484858.8940222,46759.7259488,222,1,de000100d07351b31e0d4039477717625be321fa
738,1789484858.8948083,46759.726735,222,2,de000200fa5294ae273499f40000de005be321fa
739,1789484858.913299,46759.7452259,223,0,df00000036640afe92ac15ae8901caff5145fe51
740,1789484858.913977,46759.7459037,223,1,df00010050799abc86c5994ba2a677716b9af6d4
741,1789484858.9148166,46759.7467431,223,2,df000200efc2881ca67b69860000df006b9af6d4
742,1789484858.933309,46759.7652359,224,0,e00000008e63ff0127368c5b0af5a080aac80177
743,1789484858.9340234,46759.7659501,224,1,e0000100c523c28a4db23e807623f1d914d856cf
744,1789484858.9347742,46759.7667011,224,2,e00002006e42090e4658e9ef0000e00014d856cf
745,1789484858.9532971,46759.7852239,225,0,e10000008d6bbae14fe8f625ab578e9869d841be
746,1789484858.9540122,46759.7859388,225,1,e10001000ba23b870f07f566ab4d52d316a14d7f
747,1789484858.9547877,46759.7867145,225,2,e1000200b9cbcb53a63ae9fb0000e10016a14d7f
748,1789484858.973313,46759.8052397,226,0,e20000008e6362009466c5cd86c143fbec444c3c
749,1789484858.974006,46759.8059328,226,1,e20001005f9d762e40d49b5008645a4cb8713663
750,1789484858.974829,46759.806756,226,2,e2000200875c48742734e93b0000e200b8713663
751,1789484858.9933257,46759.8252527,227,0,e3000000a76c7d7eb74db600900cf44d9198d4d0
752,1789484858.994011,46759.8259376,227,1,e300010058f53083818d155b0c6bdd3caa7f7e06
753,1789484858.9948108,46759.8267378,227,2,e3000200c0169e5d4e0829490000e300aa7f7e06
754,1789484859.0133314,46759.8452583,228,0,e4000000366c350cbe1ef3434915bd9958410ec1
755,1789484859.0140364,46759.8459633,228,1,e4000100af0fee681fb64893856c70004e207145
756,1789484859.0147831,46759.8467101,228,2,e40002000b91c2029a8311a40000e4004e207145
757,1789484859.0333285,46759.8652555,229,0,e50000009663e6c48f008c58400216d7cdafa433
758,1789484859.0340347,46759.8659614,229,1,e50001008a7e0c62bd45025176a8657f2337223a
759,1789484859.0347848,46759.8667115,229,2,e5000200689413d6b4ee59200000e5002337223a
760,1789484859.0532997,46759.8852264,230,0,e60000002a6ce20ead520e40f13447363416320e
761,1789484859.0540214,46759.8859481,230,1,e6000100360494c835015fa28eae88ae4387c77f
762,1789484859.0547705,46759.8866972,230,2,e600020088943e3d47f150090000e6004387c77f
763,1789484859.0733008,46759.9052276,231,0,e70000008e63c610c24058049bc44111d63932a4
764,1789484859.0740154,46759.9059421,231,1,e70001002811160a9e2c5d9aac7762b45d644d9d
765,1789484859.0747895,46759.9067165,231,2,e7000200b2e152e120fee99b0000e7005d644d9d
766,1789484859.0933173,46759.9252441,232,0,e8000000b6647f617b4760bbcc5dad3484d230d2
767,1789484859.0940344,46759.9259613,232,1,e8000100955e2cfd57fec005286c6f9634213289
768,1789484859.0947788,46759.9267056,232,2,e8000200fa75e11f003bbd410000e80034213289
769,1789484859.1133409,46759.9452677,233,0,e90000005a747dcc1e1b7c3f0bdbaf8e5f66334f
770,1789484859.1140604,46759.9459871,233,1,e90001005db7db4cf6e65e513169b80b08e5b745
771,1789484859.114799,46759.9467258,233,2,e9000200011cbf464c09e9fb0000e90008e5b745
772,1789484859.1333406,46759.9652676,234,0,ea000000366c6c01bf25dfaa044ece0ede7a8e77
773,1789484859.1340446,46759.9659714,234,1,ea0001000587724d4311e16c296a0ec324c40374
774,1789484859.134805,46759.9667319,234,2,ea000200d43636124f1be9570000ea0024c40374
775,1789484859.1533298,46759.9852566,235,0,eb000000b664686003c99ce6b2938d87cf107358
776,1789484859.1540375,46759.9859644,235,1,eb000100ec65c751ff6e416844587c069d2c2475
777,1789484859.1547766,46759.9867033,235,2,eb000200bb806d78231ee91b0000eb009d2c2475
778,1789484859.173341,46760.0052678,236,0,ec0000007663340d5634f60d41b4dc737eff7c13
779,1789484859.174017,46760.0059438,236,1,ec00010011a4dea6506e9bd6a5b5b27c8bdf0682
780,1789484859.174799,46760.0067256,236,2,ec00020037131c7dc01b31ed0000ec008bdf0682
781,1789484859.1933134,46760.02524,237,0,ed000000ce59862376287311f5a510148e94b31e
782,1789484859.1940355,46760.0259623,237,1,ed0001007e4d3a86342d2e041f034d33b605337d
783,1789484859.1948001,46760.0267268,237,2,ed0002002034e62874f169980000ed00b605337d
784,1789484859.213312,46760.0452389,238,0,ee0000008e63c604bda845772580be72224b9a8f
785,1789484859.214041,46760.0459678,238,1,ee000100bdf8c0306287bc8e353f0ce503e12add
786,1789484859.214777,46760.0467038,238,2,ee000200221008a80efee95b0000ee0003e12add
787,1789484859.2333872,46760.0653141,239,0,ef000000d66bded755113e98075286465cf5c324
788,1789484859.2340627,46760.0659894,239,1,ef0001009844924c1444faff2779532a5210f7d9
789,1789484859.2348216,46760.0667485,239,2,ef0002009c9aaa713a7ae96b0000ef005210f7d9
790,1789484859.2533445,46760.0852713,240,0,f00000007663ea461396e8f090ab218be5c2194f
791,1789484859.254056,46760.0859827,240,1,f00001006285154048de53f63331da24da087aaf
792,1789484859.2548113,46760.0867382,240,2,f00002008e6297150c0c87560000f000da087aaf
793,1789484859.2733235,46760.1052502,241,0,f10000008e635f0095a80a151577109b024c379a
794,1789484859.274034,46760.1059605,241,1,f100010062b4109ddb6302fe974418ca91608442
795,1789484859.274797,46760.1067237,241,2,f1000200ce3d54447f7ae97b0000f10091608442
796,1789484859.2933586,46760.1252855,242,0,f20000007663c4089bcc5061904c7a00b7574a0d
797,1789484859.294047,46760.1259741,242,1,f2000100163582b482fa066fe1821625a917e2b5
798,1789484859.294838,46760.1267648,242,2,f20002001fdf58462e7ee9020000f200a917e2b5
799,1789484859.3133385,46760.1452655,243,0,f3000000366c797e19e230f8bec2582c865da1de
800,1789484859.314062,46760.145989,243,1,f3000100940ba2c087cc8f8fcbae4588f3b09067
801,1789484859.3215516,46760.1534784,243,2,f30002008736512e1d3821e30000f300f3b09067
802,1789484859.3333457,46760.1652723,244,0,f4000000da6cdf045325ca20469910a6c5a50fb8
803,1789484859.3340504,46760.165977,244,1,f400010081e542d125efea2cae0e615d3851134f
804,1789484859.3348064,46760.1667334,244,2,f4000200e705bed6ce73e92b0000f4003851134f
805,1789484859.353363,46760.1852897,245,0,f5000000376c7f64362e6e567d29b51dc7a97852
806,1789484859.35404,46760.1859666,245,1,f5000100c02ad771b38d2a01a0654bcf89a5bc58
807,1789484859.3548095,46760.1867364,245,2,f5000200a5649134437e191f0000f50089a5bc58
808,1789484859.3733613,46760.2052882,246,0,f6000000d66c0b651f2c66e5f34e2e9ba33409c7
809,1789484859.3740528,46760.2059796,246,1,f60001005f82281d5efaefef429fdaabbf04e224
810,1789484859.3748324,46760.2067592,246,2,f6000200702fe210003b690c0000f600bf04e224
811,1789484859.3933563,46760.2252831,247,0,f7000000b66c6c040f10902377b342be372070c1
812,1789484859.3940358,46760.2259625,247,1,f700010025cc042c6262de059b70f5a4883e83e3
813,1789484859.3948092,46760.2267362,247,2,f7000200e824f08e771b31460000f700883e83e3
814,1789484859.4133298,46760.2452567,248,0,f8000000a6646c64d05d5e54bcc4f27dc7092492
815,1789484859.4140358,46760.2459626,248,1,f8000100da98545d42cdced3e592c42ec01e74ce
816,1789484859.4148185,46760.2467454,248,2,f8000200f4acc1844e60b3440000f800c01e74ce
817,1789484859.4333937,46760.2653204,249,0,f90000002a6c52084eb432067f14050c5391b588
818,1789484859.434064,46760.2659906,249,1,f90001009a8dd7db0c318601b1dc9bb4ac7dc02f
819,1789484859.4348269,46760.2667535,249,2,f90002006c148c4e047b29120000f900ac7dc02f
820,1789484859.453325,46760.2852518,250,0,fa0000009663c0c4460c5e2ed03007a0d82565f9
821,1789484859.4540842,46760.2860112,250,1,fa00010017041f2f3787634a48f152acee8677cb
822,1789484859.454816,46760.2867429,250,2,fa000200f6470f431f11e95b0000fa00ee8677cb
823,1789484859.473348,46760.3052746,251,0,fb000000276c2ae41f0eb13f78440f50292602af
824,1789484859.4740512,46760.3059781,251,1,fb00010084e60f6db809778272ae1dad464cc1bd
825,1789484859.4747872,46760.3067142,251,2,fb000200d3845a49bb3be9fb0000fb00464cc1bd
826,1789484859.4933393,46760.3252661,252,0,fc000000a66c170453118d337e4622208c8ce103
827,1789484859.4940507,46760.3259776,252,1,fc0001006c23750d923a9fa1b62f8705f424cc8e
828,1789484859.4948225,46760.3267492,252,2,fc0002007090738665a110570000fc00f424cc8e
829,1789484859.513325,46760.3452517,253,0,fd000000aa6432d45964036e07b7410192250e15
830,1789484859.5140457,46760.3459724,253,1,fd0001001f88598193983f92f887518ed5c9f8ed
831,1789484859.514805,46760.3467319,253,2,fd000200fb27ce44ba3799320000fd00d5c9f8ed
832,1789484859.5333343,46760.3652609,254,0,fe000000a76c7f65da4c94c22f53bcee2432684f
833,1789484859.5340476,46760.3659742,254,1,fe000100b66940cc6de30012d32400217f252981
834,1789484859.5348084,46760.366735,254,2,fe0002003e2b2704c237e7a60000fe007f252981
835,1789484859.5533335,46760.3852603,255,0,ff0000002a6c7ff6f02f540d2a58f070f29c1722
836,1789484859.554052,46760.3859788,255,1,ff000100b61da09abf4a282c22be1c9e1d1fae45
837,1789484859.5547926,46760.3867195,255,2,ff0002008a5d3b4b9c0fa9540000ff001d1fae45
838,1789484859.5733557,46760.4052827,256,0,00010000a66c036253159731511cbd2c67cbaa6f
839,1789484859.574038,46760.4059648,256,1,0001010000089741796f5f257bcda4cbaff81487
840,1789484859.574782,46760.4067087,256,2,00010200aacf6b429f83e91b00000001aff81487
841,1789484859.593318,46760.4252448,257,0,01010000a66c03611eb490cde5bd763e21c49bd6
842,1789484859.5940175,46760.4259444,257,1,01010100904787c546aa04ae02239dea3e4ac1b5
843,1789484859.5948107,46760.4267373,257,2,01010200374e80d5fd9d6995000001013e4ac1b5
844,1789484859.6133194,46760.4452462,258,0,02010000aa642c06141bfc4a24a9ab4b14f09250
845,1789484859.6140335,46760.4459601,258,1,02010100d1573f03611af95d7118e7ad36f4a238
846,1789484859.6147861,46760.4467129,258,2,020102005aedc4b1277a415e0000020136f4a238
847,1789484859.633361,46760.465288,259,0,0301000026740401f3c4142dd6dc3d454c305473
848,1789484859.6341486,46760.4660755,259,1,030101006687f714c7aa34429c96f54ed9e58763
849,1789484859.6348312,46760.4667578,259,2,030102008ea7ae89033d49c000000301d9e58763
850,1789484859.6533213,46760.4852481,260,0,040100002b6ce2f4b48c4c7e06ab41aa29931cec
851,1789484859.6540892,46760.4860159,260,1,040101002110050427cc9416a71d061db48eaf10
852,1789484859.6548145,46760.4867412,260,2,040102008c2c78cf7bcbe9fb00000401b48eaf10
853,1789484859.6733367,46760.5052637,261,0,05010000da6ce2042e80980f060098ae9ff4b2d3
854,1789484859.674082,46760.5060087,261,1,050101008cb532783b02a57aded28428a9f7e5a2
855,1789484859.6748276,46760.5067542,261,2,050102003bf3620c272a794200000501a9f7e5a2
856,1789484859.6934388,46760.5253655,262,0,060100008f5a5f90330e49251aac671065d900b0
857,1789484859.6940553,46760.5259823,262,1,06010100d0751300c36d89cb76de19e3dcac5270
858,1789484859.6948206,46760.5267475,262,2,06010200ad33909f4ee0499800000601dcac5270
859,1789484859.7133706,46760.5452974,263,0,0701000026747d04b63dbbbb988f5d5fb5ae8b58
860,1789484859.7140462,46760.545973,263,1,0701010080123d5f044ec7e926d50280d4d2655e
861,1789484859.7148132,46760.54674,263,2,07010200ac405f9b023bb14f00000701d4d2655e
862,1789484859.733358,46760.5652845,264,0,08010000d66b32ce94536312bab017047d0aac9b
863,1789484859.734069,46760.5659957,264,1,080101001f3476997b6576275ec36c06763e14a1
864,1789484859.7349148,46760.5668416,264,2,08010200c6bb7f3d3a36e9cb00000801763e14a1
865,1789484859.753363,46760.5852897,265,0,09010000966333ce9e2f5f064d27253f2781f22a
866,1789484859.754035,46760.5859617,265,1,0901010091b40deaf148fa231f088f20d7f4fd18
867,1789484859.754819,46760.5867457,265,2,09010200b2d05c0c2036e99500000901d7f4fd18
868,1789484859.7733295,46760.6052562,266,0,0a010000da6c2ece54cde1515a8a860ef86e6419
869,1789484859.7740538,46760.6059806,266,1,0a010100d22a25d456341c412d502226956d9a41
870,1789484859.7748103,46760.6067372,266,2,0a01020054bcc98e3afa759600000a01956d9a41
871,1789484859.7933354,46760.6252623,267,0,0b0100008e6bf7110760439b96ae56d21a3a8250
872,1789484859.7940469,46760.6259737,267,1,0b010100f507128334a2ee0ef71c178a96e1fd58
873,1789484859.794802,46760.6267287,267,2,0b0102000c744652b5fc398600000b0196e1fd58
874,1789484859.8133411,46760.645268,268,0,0c0100003a6cc004b8e55de527c5710913263506
875,1789484859.8140743,46760.6460012,268,1,0c0101003500687449e9134f687b8cbddce5e04f
876,1789484859.8148115,46760.6467382,268,2,0c010200bd68d9a47a60e9b400000c01dce5e04f
877,1789484859.8333392,46760.6652659,269,0,0d010000ba6c3d061b9e1862ccbdd72e1d55c10b
878,1789484859.8340845,46760.6660113,269,1,0d0101000ea631d4f7fd29804867f9aaccb15d42
879,1789484859.834826,46760.6667528,269,2,0d010200e766ca207f0a182300000d01ccb15d42
880,1789484859.8533564,46760.6852831,270,0,0e010000c76c226298df14c44d54e6d8db020383
881,1789484859.8540702,46760.6859971,270,1,0e010100b6c23f1010586787316eec408edb2902
882,1789484859.854814,46760.6867408,270,2,0e010200028a8425109de97b00000e018edb2902
883,1789484859.8733413,46760.7052682,271,0,0f010000766be216f35dd15c6a81cf39518d2698
884,1789484859.8740609,46760.7059876,271,1,0f0101001f360436ad17fa5d7de8fbb64ddb1115
885,1789484859.8747969,46760.7067237,271,2,0f01020013f59a6a45cfe9fb00000f014ddb1115
886,1789484859.8933477,46760.7252747,272,0,10010000b663011695fbcfb72e0ed1f5cb93e005
887,1789484859.8940685,46760.7259951,272,1,10010100b6ae133faa61b40e992d606cf702be73
888,1789484859.8948228,46760.7267496,272,2,10010200f191b5f27480e9d500001001f702be73
889,1789484859.9133363,46760.7452632,273,0,110100006e69bad57c88633150f6d61595e46087
890,1789484859.9140515,46760.7459785,273,1,11010100c736667d5d481aa9b9c1f413af797827
891,1789484859.914823,46760.74675,273,2,11010200dee61f1c333c5b5e00001101af797827
892,1789484859.9333901,46760.7653168,274,0,12010000c76936a49a89247208e41178b8a4e9ab
893,1789484859.9340713,46760.7659981,274,1,12010100c6eba31f0f9abbb72af32fbbd2e13711
894,1789484859.9348252,46760.7667521,274,2,12010200176df32a9691e90400001201d2e13711
895,1789484859.9533322,46760.7852591,275,0,1301000016b471ca6f611a40687fb7acc4de76d9
896,1789484859.9540997,46760.7860265,275,1,130101001ee1648c63eeb04bd6ec42e1f46cbcac
897,1789484859.9548395,46760.7867664,275,2,13010200bef8c656db47e97b03001301f46cbcac
898,1789484859.9733255,46760.8052522,276,0,140100003acaf578605d864e091047ecfcf487ec
899,1789484859.9740407,46760.8059676,276,1,140101009ab6a3b3189b565a5484062a3e15767e
900,1789484859.9748516,46760.8067785,276,2,140102005d8c430abf95c9b4060014013e15767e
901,1789484859.9933283,46760.825255,277,0,15010000c6c1f715af285974336e1b36e9fb3419
902,1789484859.9940333,46760.8259602,277,1,15010100710617984ffdca048937e905b03d2a9c
903,1789484859.9948206,46760.8267473,277,2,15010200bde684de67f8e9fb07001501b03d2a9c
904,1789484860.0133424,46760.8452693,278,0,1601000018be0538219c6fcd00555fed0b9ec7a1
905,1789484860.0140574,46760.8459844,278,1,160101000ce1b43cdeefe4eff4469bc122d13fba
906,1789484860.0148263,46760.846753,278,2,160102004e9faec7da4b09490400160122d13fba
907,1789484860.0333345,46760.8652613,279,0,170100000ab98871f7a48548f020daa00de6592c
908,1789484860.0340588,46760.8659855,279,1,1701010022242cdaa4a07e27842f304682fd2394
909,1789484860.0348437,46760.8667705,279,2,170102002622866d2d1ee9230300170182fd2394
910,1789484860.053355,46760.8852817,280,0,18010000f5b93a649b340e2f6f4225d46e4d8bbf
911,1789484860.0540693,46760.8859961,280,1,180101004b60346d428ac4f9d61554c84891ef5e
912,1789484860.0548296,46760.8867563,280,2,18010200e8ff1b829b3e5101030018014891ef5e
913,1789484860.0733511,46760.9052779,281,0,19010000f6b4b4a61ed888e3bcbb02057c94e038
914,1789484860.0740418,46760.9059687,281,1,19010100ddc68262ad263f70b79808ff7370c093
915,1789484860.0748227,46760.9067494,281,2,1901020047b0ce53fa01e995020019017370c093
916,1789484860.093345,46760.9252718,282,0,1a010000f7bdbb611711fb8f343067c89aaf425d
917,1789484860.0940516,46760.9259783,282,1,1a0101007dc751e11005bac73c74a1578acd6e1e
918,1789484860.0948262,46760.926753,282,2,1a010200011c1b703036e9a502001a018acd6e1e
919,1789484860.113723,46760.9456499,283,0,1b010000f7bffe6590640049975475896f966a0a
920,1789484860.1149182,46760.9468449,283,1,1b010100bfb27d20f20a5528772bcae84398679d
921,1789484860.1151574,46760.9470842,283,2,1b0102000822ac064379e9f602001b014398679d
922,1789484860.1333802,46760.9653068,284,0,1c010000a6a47f61ce0aef51a32a16631ddd1242
923,1789484860.1340742,46760.9660008,284,1,1c0101007f9e9361cf64cc7c201c5372adcc2425
924,1789484860.1348553,46760.9667818,284,2,1c010200649697ff0d3be9fb01001c01adcc2425
925,1789484860.1533484,46760.9852752,285,0,1d010000a69d04615fa97e147e0c6407a91624ce
926,1789484860.154072,46760.9859989,285,1,1d01010054540a5cffbff210b86d53fd3ab3bdaa
927,1789484860.1548228,46760.9867498,285,2,1d010200e9d05e0bc093e9fb01001d013ab3bdaa
928,1789484860.1733654,46761.005292,286,0,1e01000002b20b1d4304107cb6d3934f884faa5f
929,1789484860.174059,46761.0059857,286,1,1e01010044c271e28b494c8fa7c7bb08c305b5c6
930,1789484860.174826,46761.0067527,286,2,1e010200399e37ac8c0729a204001e01c305b5c6
931,1789484860.1933692,46761.0252957,287,0,1f010000d7c2b41e108227cc7f5c2a303374f568
932,1789484860.1940444,46761.0259712,287,1,1f01010030d02418e40a07675a917b7f45501af2
933,1789484860.1948278,46761.0267546,287,2,1f010200246f5519fe9d496205001f0145501af2
934,1789484860.2133846,46761.0453113,288,0,2001000077bed5bdc09e6719cfb2cbd90028b428
935,1789484860.2140582,46761.0459851,288,1,20010100be679a759277241e364c741cd650df2b
936,1789484860.2148438,46761.0467705,288,2,200102009b21afaa4291e94c07002001d650df2b
937,1789484860.233411,46761.0653379,289,0,21010000f6be12431b02a41e5f345c6d96f375ac
938,1789484860.2340887,46761.0660156,289,1,2101010005b2b34a461e3aa4218e080f11a3e305
939,1789484860.2416716,46761.0735984,289,2,21010200306d2cb1de9469f40700210111a3e305
940,1789484860.2533906,46761.0853174,290,0,22010000fab0d715684527671102ae574c0d8352
941,1789484860.2540839,46761.0860107,290,1,2201010092378fd55be11ec707787f1c0e65e602
942,1789484860.2548282,46761.0867552,290,2,22010200378f05ed447de99e060022010e65e602
943,1789484860.2734153,46761.1053422,291,0,2301000057bec4b44fce8fdc1e3255fdaaa73274
944,1789484860.274067,46761.1059938,291,1,230101001cc6540892b9b5a4e1246f4adc204764
945,1789484860.2748163,46761.1067431,291,2,23010200f4f50e04fdcfb9b105002301dc204764
946,1789484860.2933733,46761.1253002,292,0,240100007bbe2e46d3445869c3a2a409e9fbd59c
947,1789484860.2940502,46761.1259769,292,1,24010100fbc9ca71d82e5e418e1956a6cb9f5b60
948,1789484860.294845,46761.126772,292,2,240102000454e83e087be9fb05002401cb9f5b60
949,1789484860.3133876,46761.1453144,293,0,25010000ccb9bb269fc5168c87243c0beebd1cc1
950,1789484860.323375,46761.1553019,293,1,25010100eeef67c070936e7d06f28dbd42bf727c
951,1789484860.324142,46761.156069,293,2,2501020005a9d6059b0e29dc0400250142bf727c
952,1789484860.3334098,46761.1653365,294,0,26010000e4bb2c3122e1c4d20382d7d7b680592c
953,1789484860.3340664,46761.1659933,294,1,2601010098c697e416a116863600019a5e440106
954,1789484860.3348374,46761.1667643,294,2,2601020049e8cdad2d11e95b030026015e440106
955,1789484860.3533835,46761.1853101,295,0,270100000eaa40a886039ef470f3009adbc7e329
956,1789484860.3540776,46761.1860044,295,1,27010100458db64cd9c6a9743114a144d7027b04
957,1789484860.3548493,46761.186776,295,2,2701020038a808592e5431a101002701d7027b04
958,1789484860.3734026,46761.2053293,296,0,2801000018a4091d9aa4f87e5350734ef7984f85
959,1789484860.3741045,46761.2060312,296,1,28010100472744ce56b6b4c44f3b77283a1e8312
960,1789484860.3748567,46761.2067835,296,2,28010200f096c095230be9bb000028013a1e8312
961,1789484860.3933837,46761.2253105,297,0,2901000014a413184e2faca001543517c9293a58
962,1789484860.3940659,46761.2259928,297,1,2901010054e2f043338a619bd110dce92e41ae7a
963,1789484860.3948274,46761.2267539,297,2,29010200597d0da9fb23e97f000029012e41ae7a
964,1789484860.4133878,46761.2453145,298,0,2a010000ea9ca4e1b4fd043a1870fa38632c15cb
965,1789484860.4141006,46761.2460275,298,1,2a010100ee5e47cb5715532c494daa8977a4c1a7
966,1789484860.4148557,46761.2467826,298,2,2a010200d3744766b1a389d400002a0177a4c1a7
967,1789484860.4334164,46761.2653433,299,0,2b010000a894546600641790b335e64db90a9b22
968,1789484860.4340937,46761.2660206,299,1,2b0101002c0d0227b39c124c88d720b8280523a7
969,1789484860.434836,46761.2667627,299,2,2b01020077ddbe12599de9fb00002b01280523a7
970,1789484860.453401,46761.2853278,300,0,2c010000498c3d7626f457d977865cc8b074dcd2
971,1789484860.4540613,46761.2859881,300,1,2c010100348c8f7b6a6c57cc4f52199a3412f4ce
972,1789484860.4548316,46761.2867585,300,2,2c01020013543f110f28741500002c013412f4ce
973,1789484860.4733696,46761.3052964,301,0,2d0100008584721cf08a7e2c99a3f2ce9cc2018f
974,1789484860.4740665,46761.3059932,301,1,2d0101001fcc34ac54335a6be4d707f611f676c5
975,1789484860.4748309,46761.3067576,301,2,2d010200e4680bb75fa1e9c600002d0111f676c5
976,1789484860.4943068,46761.3262334,302,0,2e01000023831d155ccc2e900a999e7f59f55916
977,1789484860.4958444,46761.3277713,302,1,2e0101001d141fd235998fa5f4601772233ca307
978,1789484860.4969106,46761.3288374,302,2,2e01020017618a31d9c70df100002e01233ca307
979,1789484860.513369,46761.3452958,303,0,2f0100000c949896de8b5bbcde508a1e1239ae55
980,1789484860.514042,46761.3459687,303,1,2f01010040528383b76e061401cac87f16ba24f9
981,1789484860.5148416,46761.3467685,303,2,2f01020059d660a4149dd92e01002f0116ba24f9
982,1789484860.5333993,46761.3653261,304,0,30010000d4b404f64b26f567ff05829468282713
983,1789484860.5341263,46761.3660532,304,1,300101005e30dcfcb4a1a3e17452da6a4b6c74cd
984,1789484860.5348558,46761.3667827,304,2,30010200d0940344bd95291e040030014b6c74cd
985,1789484860.5534093,46761.3853362,305,0,3101000074b685b8459dbe5833d7102c5b91aea7
986,1789484860.554072,46761.3859985,305,1,3101010082ecaa0c440946e827a40351666d1b55
987,1789484860.5548358,46761.3867625,305,2,310102007774aa3cd94be9fb04003101666d1b55
988,1789484860.5733778,46761.4053047,306,0,3201000074b60efcd34a2fe013114f1049144652
989,1789484860.5740736,46761.4060004,306,1,320101001996c617dab15272da0a298ce84ca8a1
990,1789484860.574918,46761.406845,306,2,320102008628b669e5cce9fb05003201e84ca8a1
991,1789484860.5933683,46761.4252951,307,0,3301000098b101248cd0618355d2bb6e2d11a5cf
992,1789484860.5940654,46761.4259923,307,1,33010100d7f07d0254a9ad578ed07bf1de259faf
993,1789484860.5948467,46761.4267734,307,2,33010200b18e9c6b582ff11703003301de259faf
994,1789484860.613406,46761.4453327,308,0,34010000f6b19862d205bddcb30452c22122e675
995,1789484860.61411,46761.4460366,308,1,3401010069e69d6728898c2e34bfda7d2d46691b
996,1789484860.6148818,46761.4468086,308,2,34010200bdc5f15bda85a9fe020034012d46691b
997,1789484860.6334255,46761.4653524,309,0,3501000019b4cd17981bc77199165ecfa7111d2e
998,1789484860.6340766,46761.4660036,309,1,350101005ba13dc7e1d61707d98074c45ce466af
999,1789484860.6348891,46761.4668161,309,2,35010200dc1722e5ecc719d7010035015ce466af
1000,1789484860.6533933,46761.48532,310,0,3601000064ad5d3dcce598c08d958233b503d31d
1001,1789484860.6540694,46761.4859963,310,1,36010100a6d151fb7765ed8405056cb1420d1104
1002,1789484860.6548667,46761.4867935,310,2,36010200e0ca1d16e4c6490c01003601420d1104
1003,1789484860.6733844,46761.5053113,311,0,3701000070a4b4422537d614eba547fe11aa9c1f
1004,1789484860.6740727,46761.5059996,311,1,370101009ea873bc5c0a0760d056cbe11e26f507
1005,1789484860.6749754,46761.5069023,311,2,37010200ff3e0f8b764531fe010037011e26f507
1006,1789484860.6934068,46761.5253335,312,0,38010000b09d844225b4dc103f62b06706991db2
1007,1789484860.703399,46761.5353256,312,1,3801010005feead626d0f61d2698f9d50f3809e4
1008,1789484860.7041445,46761.5360712,312,2,3801020012548937ea452939000038010f3809e4
1009,1789484860.7133934,46761.5453203,313,0,390100002495df3d88da9b2e6ef5cdf37d2e0a41
1010,1789484860.7140744,46761.5460011,313,1,390101003468dded925f2ead904618354d382fce
1011,1789484860.7148685,46761.5467952,313,2,39010200a0467f2a4585e923000039014d382fce
1012,1789484860.733413,46761.5653397,314,0,3a0100005c8dbebda49f8f371164b1d8124d9006
1013,1789484860.7340946,46761.5660214,314,1,3a0101008a76de26f7eabea29add0c0a3c028add
1014,1789484860.734897,46761.5668238,314,2,3a010200581f7906c547e97b00003a013c028add
1015,1789484860.753389,46761.5853156,315,0,3b010000d08d5176dd3cf406cd50295a14974fa5
1016,1789484860.754081,46761.5860077,315,1,3b010100074eb6665b2f1b43dfa0e748c2fa83f0
1017,1789484860.754873,46761.5867998,315,2,3b010200edd7ee05d30be9eb00003b01c2fa83f0
1018,1789484860.7734182,46761.6053451,316,0,3c0100002fad9116a450341fbcc6c8a4fcbb1528
1019,1789484860.77407,46761.6059969,316,1,3c01010087c16aa4360631891f4137501d633f22
1020,1789484860.774981,46761.6069078,316,2,3c010200f3e67194fa47e9fb02003c011d633f22
1021,1789484860.793395,46761.6253217,317,0,3d010000febc02adb4fef2d97fc50e14232f0e55
1022,1789484860.794078,46761.6260049,317,1,3d01010004a917e734a61888d6aefb406744da42
1023,1789484860.7948604,46761.6267871,317,2,3d0102001f55b2d47424e91b03003d016744da42
1024,1789484860.8133848,46761.6453114,318,0,3e010000eec43faad386aac4c51fb4acfca6b023
1025,1789484860.814056,46761.6459828,318,1,3e010100cd5e02d5050ec3148284c3ea543bbf10
1026,1789484860.814902,46761.6468288,318,2,3e0102005f96950d138b812f03003e01543bbf10
1027,1789484860.8334217,46761.6653484,319,0,3f010000e5b14578d78397521a9d984a13a03107
1028,1789484860.834103,46761.6660299,319,1,3f0101005ae716e6506044f4c695a65025d61fcd
1029,1789484860.8349025,46761.6668294,319,2,3f010200f53dbd5ed30bf54803003f0125d61fcd
1030,1789484860.8534799,46761.6854067,320,0,400100000bb942602335d6e2a5d4d05da84e4eac
1031,1789484860.8540936,46761.6860203,320,1,400101003a780f1af63c229d1f1769f3af8c1128
1032,1789484860.854872,46761.6867988,320,2,400102009c7d3a576ea4294a03004001af8c1128
1033,1789484860.8733869,46761.7053136,321,0,41010000e4b2b736420b014cea7c12e512b21e75
1034,1789484860.8740764,46761.7060032,321,1,410101000cce9698a78da207c3e5b6e6f3f51534
1035,1789484860.8749628,46761.7068895,321,2,410102003226b2d0e244890702004101f3f51534
1036,1789484860.8933907,46761.7253173,322,0,420100005eb5ba6596497be9a6002d077adc9b9b
1037,1789484860.8941028,46761.7260295,322,1,42010100bd8112019b8b778816bc82125eb8863a
1038,1789484860.894874,46761.7268009,322,2,4201020014c455d2cf772905010042015eb8863a
1039,1789484860.913392,46761.7453188,323,0,4301000008a37f64b73817a51bcd0e26f38a5764
1040,1789484860.9141243,46761.7460512,323,1,43010100d5e73f64c817eea005a55ec6c50096d4
1041,1789484860.9148831,46761.7468098,323,2,43010200ca3d3cdf153669b501004301c50096d4
1042,1789484860.9334047,46761.7653314,324,0,44010000aea5027ea1925d08ce90a511b8064bf4
1043,1789484860.9341106,46761.7660376,324,1,44010100a7a51dc083ad524c56f96f6f28142c7e
1044,1789484860.9349086,46761.7668353,324,2,440102004b540494c183a93c0100440128142c7e
1045,1789484860.9533901,46761.785317,325,0,45010000aeb5013d1f8b79954a073d10286eb69b
1046,1789484860.9540627,46761.7859895,325,1,45010100a091bfa1af2163cdaf1c37a9dbb0af80
1047,1789484860.9548662,46761.7867929,325,2,450102008e549e08fd85699d02004501dbb0af80
1048,1789484860.9733932,46761.8053199,326,0,4601000012bb144d920e345952733141ac0affc2
1049,1789484860.9740999,46761.8060268,326,1,46010100fc30f2087ebfbe36589de62a28f5dbd0
1050,1789484860.9749808,46761.8069077,326,2,4601020051ffd2adecb4e9c30200460128f5dbd0
1051,1789484860.9934065,46761.8253332,327,0,470100009abc137607a6cdcd2978477c95863652
1052,1789484860.994065,46761.8259919,327,1,47010100426274c7d53c8fc52e9f96edfbc7430d
1053,1789484860.9948735,46761.8268005,327,2,4701020058c81b5ab2e4e9fb02004701fbc7430d
1054,1789484861.0133855,46761.8453123,328,0,4801000099bc65760c48660e30be04c57b72a812
1055,1789484861.0140932,46761.8460198,328,1,48010100eaf0ab5039771d84674d3fc9b42a3c30
1056,1789484861.0148842,46761.8468111,328,2,48010200dc4057b0f4cee99d02004801b42a3c30
1057,1789484861.0334702,46761.865397,329,0,490100007ac5bb3d8eb0d14d1362a6b0f85a4001
1058,1789484861.0341034,46761.8660302,329,1,49010100c224a164af355d046a29d0d05a0a4ab0
1059,1789484861.0348852,46761.8668118,329,2,49010200f1bc1645233ba9ef020049015a0a4ab0
1060,1789484861.0534155,46761.8853422,330,0,4a0100009abc41152448a635eee0ff91bea787fd
1061,1789484861.054115,46761.8860419,330,1,4a01010093c575e6fdd57e678061165c6698f2a7
1062,1789484861.0548685,46761.8867954,330,2,4a0102001be20298e281e91b02004a016698f2a7
1063,1789484861.0733843,46761.9053111,331,0,4b01000018c5b43dd614bfc1d96b3749567880e8
1064,1789484861.0740957,46761.9060224,331,1,4b010100c2cc2f3c044b4063aff47820349d7fb9
1065,1789484861.0749831,46761.90691,331,2,4b01020025713c36233ae97b02004b01349d7fb9
1066,1789484861.093411,46761.9253378,332,0,4c01000096c56c1d9404019cc7ec215e6e0d902e
1067,1789484861.0940979,46761.9260247,332,1,4c0101002635c3308e779ca778946803392342b8
1068,1789484861.0948968,46761.9268238,332,2,4c0102007bc21716504b099902004c01392342b8
1069,1789484861.1134365,46761.9453631,333,0,4d010000e6bf0204a70ccf9f57f1eb4c71b720fe
1070,1789484861.1140964,46761.9460233,333,1,4d010100be91576b455210dc1ca42240fe2f40f7
1071,1789484861.1148946,46761.9468213,333,2,4d0102003f54e49cbeba09e402004d01fe2f40f7
1072,1789484861.1334321,46761.9653589,334,0,4e010000a6b62336e71041a5fbacfc99025e6325
1073,1789484861.134112,46761.9660387,334,1,4e01010072265358c4218d9c8b3c2a6376868b4d
1074,1789484861.1348865,46761.9668131,334,2,4e010200eef05628c78389b402004e0176868b4d
1075,1789484861.1534111,46761.9853379,335,0,4f010000b0b07f1df3f52a40b6496c9e71eee4bc
1076,1789484861.154098,46761.9860246,335,1,4f01010040804a1c4412b80635898d04dc344953
1077,1789484861.1548712,46761.9867982,335,2,4f01020005e94720033be98202004f01dc344953
1078,1789484861.1734235,46762.0053505,336,0,5001000057a70b059efc4a6d57160ea0559e9e8c
1079,1789484861.174111,46762.0060376,336,1,50010100030d1489a96fd2159a975ec93dccd44a
1080,1789484861.1750076,46762.0069342,336,2,500102004d3c3767a00b59b2010050013dccd44a
1081,1789484861.1934156,46762.0253426,337,0,51010000969a934ea310f3b233b9237c268f53f5
1082,1789484861.1940916,46762.0260183,337,1,51010100241482d4949057375b5dbf0572f5e2c8
1083,1789484861.1948743,46762.0268012,337,2,5101020054733e83bd2e695f0000510172f5e2c8
1084,1789484861.2134333,46762.0453601,338,0,52010000b78ca314fc2dd34e6425d278298e1c31
1085,1789484861.2141027,46762.0460295,338,1,52010100f8319f543aac049dc637c9ae061cc176
1086,1789484861.2148876,46762.0468144,338,2,520102003a81b1a6d091e9fb00005201061cc176
1087,1789484861.233415,46762.0653417,339,0,530100005882cc469c3502445b55c6949d17be20
1088,1789484861.2341342,46762.0660611,339,1,53010100d655408a6b3c5cc0674632c96602dafb
1089,1789484861.2348993,46762.0668259,339,2,530102005e86d60c7c7be9fb000053016602dafb
1090,1789484861.2534146,46762.0853415,340,0,5401000024ad21b45e0013302421a2e8935432c6
1091,1789484861.2541063,46762.0860331,340,1,5401010086d2698299969301d3018b5cc42f9b94
1092,1789484861.2549067,46762.0868335,340,2,540102005c819cf4fc27316302005401c42f9b94
1093,1789484861.2734432,46762.10537,341,0,550100003cbbe304b176a524d558a4dad3fecceb
1094,1789484861.2740989,46762.1060257,341,1,5501010054c66c4abf62b628187da092ebbc8630
1095,1789484861.2749777,46762.1069047,341,2,55010200b24834cf8f93c98503005501ebbc8630
1096,1789484861.2934134,46762.1253403,342,0,560100001eb13d4a7cd7a8642b3c5ddc154757d0
1097,1789484861.2940705,46762.1259973,342,1,56010100cc2adc20ec3b903094f443e3b304ccf9
1098,1789484861.2948947,46762.1268213,342,2,56010200108f0a09f56de92302005601b304ccf9
1099,1789484861.313405,46762.1453316,343,0,570100001eb20c1a61184c617d8ea9755e50731c
1100,1789484861.3141007,46762.1460275,343,1,570101007edfa734087ff10087da3e334a626c92
1101,1789484861.3152547,46762.1471815,343,2,5701020005f77460c2d7e9fb020057014a626c92
1102,1789484861.333423,46762.1653497,344,0,580100001ab3475c14bedc53bba56522ba2c53e2
1103,1789484861.3341727,46762.1660995,344,1,5801010056f0a7fdd374d777c27e62e351527a67
1104,1789484861.3349204,46762.1668473,344,2,58010200605aa23fbf6369750100580151527a67
1105,1789484861.3534267,46762.1853535,345,0,5901000082b4407c45e8c7b7032d8abbc7a4438a
1106,1789484861.3541152,46762.1860421,345,1,590101005e9c4e4ea82d711e870c5738927b7317
1107,1789484861.354907,46762.186834,345,2,5901020052ce1b76e44f019b01005901927b7317
1108,1789484861.3734207,46762.2053476,346,0,5a010000d1b448057720ea94a22bf577d44526f1
1109,1789484861.3740876,46762.2060144,346,1,5a01010095674d45b297184d264e4aa6bbd4585e
1110,1789484861.3749993,46762.206926,346,2,5a010200d2d36b02073ddf9b01005a01bbd4585e
1111,1789484861.3934102,46762.225337,347,0,5b010000f2b440f87d1dc5c5de4ed2189a2d1a94
1112,1789484861.3941317,46762.2260585,347,1,5b010100565975d3771dc618cf5220049dab85f9
1113,1789484861.3948948,46762.2268215,347,2,5b010200258942be2f97e97501005b019dab85f9
1114,1789484861.413391,46762.2453177,348,0,5c01000000b43e20758fc8b8ea6cc80769a97104
1115,1789484861.4141114,46762.2460383,348,1,5c0101000e285ed4bf6ef693f569b8163fb72f87
1116,1789484861.4148998,46762.2468265,348,2,5c010200d76a8841bc94099501005c013fb72f87
1117,1789484861.4333923,46762.2653193,349,0,5d0100002ab5c40e3e5670bdd9ab2f2fe95b7d87
1118,1789484861.4341218,46762.2660486,349,1,5d0101002b3e521c4a3a48181f0819b8195ad9fe
1119,1789484861.4348817,46762.2668086,349,2,5d010200cb287add287be9fb01005d01195ad9fe
1120,1789484861.453432,46762.2853587,350,0,5e01000066ad1fcc2720d2414f80439926d13f05
1121,1789484861.454133,46762.2860598,350,1,5e0101008c747635431dd2577a5cac70c5802878
1122,1789484861.4616015,46762.2935283,350,2,5e010200d9f4bc3cf0a5e9db02005e01c5802878
1123,1789484861.4734573,46762.3053841,351,0,5f01000096bcc2f882b1f043258802a90265a6a5
1124,1789484861.4741583,46762.3060852,351,1,5f0101009ef0365d37050a73dc6d8dbaab8a7366
1125,1789484861.4749935,46762.3069203,351,2,5f0102000bea847d4a4d999404005f01ab8a7366
1126,1789484861.4934099,46762.3253367,352,0,6001000067b62218dde8936860e0ed831cfe9e82
1127,1789484861.494113,46762.3260397,352,1,60010100f467d6c0da38838404d587bf3eeffadd
1128,1789484861.4948978,46762.3268245,352,2,6001020067bd1db94081a9cc040060013eeffadd
1129,1789484861.5134048,46762.3453316,353,0,6101000080b11ce30c1cd95f0cfb561c5357fb04
1130,1789484861.514099,46762.3460256,353,1,610101009f76573549a47a829f9711c406231e06
1131,1789484861.5148723,46762.346799,353,2,6101020076133ba0b7c6e9d50100610106231e06
1132,1789484861.5334442,46762.3653709,354,0,62010000a2b28a285e08b4d6932f4f83ff8fbfa5
1133,1789484861.5341566,46762.3660833,354,1,620101007e0186be5d38b546d8102bc95102b3fb
1134,1789484861.5349069,46762.3668337,354,2,62010200c2712f2b90923981050062015102b3fb
1135,1789484861.553397,46762.3853238,355,0,630100005cb6ff005d809810d4331a5f546c0284
1136,1789484861.5541341,46762.3860609,355,1,63010100935d5cef460c025433ba11791f52c743
1137,1789484861.5548928,46762.3868196,355,2,630102006725580d0316a919040063011f52c743
1138,1789484861.5734267,46762.4053533,356,0,6401000082b99e2305568254457614245854d187
1139,1789484861.5741377,46762.4060643,356,1,640101009a11b2985c355bde10d05a6e7bfa4780
1140,1789484861.575008,46762.4069346,356,2,64010200527fad74f196e9db050064017bfa4780
1141,1789484861.5935318,46762.4254585,357,0,6501000016b67abb0bbd9b3702cd3c102b50ae0f
1142,1789484861.5942101,46762.4261368,357,1,6501010093d3bed516108111d2850a72ad7a4d87
1143,1789484861.5948963,46762.4268232,357,2,65010200866f1547bc6d29f604006501ad7a4d87
1144,1789484861.6134481,46762.4453748,358,0,660100001ba99305fbb476803e0559ac9977e42d
1145,1789484861.614127,46762.4460536,358,1,660101007e55d1505936bdbda8c4ec1949f2b444
1146,1789484861.6148956,46762.4468222,358,2,66010200783c8f8c960fef520100660149f2b444
1147,1789484861.6334538,46762.4653805,359,0,670100001ca4ab363dd288890ff6561d16182533
1148,1789484861.6341555,46762.4660824,359,1,6701010029908408f827a28ab175df455af14319
1149,1789484861.634913,46762.4668398,359,2,670102003e968e069f37038e010067015af14319
1150,1789484861.6534061,46762.4853329,360,0,68010000e6a50b014395e4352a4717c5be92bc9c
1151,1789484861.6541612,46762.486088,360,1,68010100ca4beff7f4b599ccd2d51211b4125633
1152,1789484861.6549034,46762.48683,360,2,68010200fcd23b13b13be9fb00006801b4125633
1153,1789484861.6734324,46762.5053592,361,0,69010000fc9be20e396d454db84b57ad78e418d2
1154,1789484861.6741529,46762.5060796,361,1,69010100b79b423dd6354c57567b0403be506a0d
1155,1789484861.6749926,46762.5069194,361,2,69010200c7960f444838c73c01006901be506a0d
1156,1789484861.6934268,46762.5253536,362,0,6a010000d891733649689f08132de6a90f5d8e9e
1157,1789484861.6941266,46762.5260534,362,1,6a0101000e66f823760f1018344515078740094a
1158,1789484861.6948926,46762.5268193,362,2,6a010200110f344f38fde9ab00006a018740094a
1159,1789484861.7134352,46762.545362,363,0,6b010000788a7fe6865e553c069ad1a40eb312e3
1160,1789484861.7141345,46762.5460614,363,1,6b0101008a6dd42654a116f1521e5ef4f50bfcfb
1161,1789484861.7149215,46762.5468484,363,2,6b01020036d75388ba0e999400006b01f50bfcfb
1162,1789484861.7334254,46762.5653521,364,0,6c010000a28c6ca1a4468ce0c40624638048860f
1163,1789484861.7341747,46762.5661016,364,1,6c0101008715a277a474670eda8829b6347e8839
1164,1789484861.7349107,46762.5668376,364,2,6c010200c7676298a213e92b00006c01347e8839
1165,1789484861.7534146,46762.5853414,365,0,6d01000016ac7b5c467e63e761424f91485a52d1
1166,1789484861.754203,46762.5861299,365,1,6d010100009dff175f9e9d064039a5a69cb21610
1167,1789484861.7549114,46762.5868382,365,2,6d010200f3aa7ae146a3e99502006d019cb21610
1168,1789484861.7734153,46762.6053422,366,0,6e01000097bc651ec891931723e8f393025f56fe
1169,1789484861.7741714,46762.6060981,366,1,6e010100c7b52c23989132b4f7400a52fd2526c7
1170,1789484861.7749891,46762.6069158,366,2,6e010200a8185b8f534be95402006e01fd2526c7
1171,1789484861.7933996,46762.6253262,367,0,6f01000062bdb2e10a90db2e6b8de3cec6cf6e96
1172,1789484861.794124,46762.6260506,367,1,6f010100a020b6a11d234af44581c4f42015ce08
1173,1789484861.7949233,46762.6268501,367,2,6f0102003914fb0f319929eb02006f012015ce08
1174,1789484861.81344,46762.6453668,368,0,70010000d2b46e00935a7bdae192e796adcc4709
1175,1789484861.8141813,46762.6461081,368,1,700101004780329184087ad0e3505e5779f67aa4
1176,1789484861.8149,46762.6468267,368,2,70010200a42fb6d7487bb9b70200700179f67aa4
1177,1789484861.83345,46762.6653769,369,0,71010000d8ab7ef79f3c2e1065824e98ffc68aa8
1178,1789484861.8341448,46762.6660716,369,1,7101010032505aaacda984d20f0e32e43666502c
1179,1789484861.834908,46762.6668347,369,2,7101020071b487504179e95b010071013666502c
1180,1789484861.8534293,46762.6853561,370,0,7201000072ad8466070b72683a2c408234153ffc
1181,1789484861.8541772,46762.6861041,370,1,72010100399084668c45c784c644e31277ecc04a
1182,1789484861.8549151,46762.686842,370,2,720102003df61d348e1b31bf0100720177ecc04a
1183,1789484861.873448,46762.7053746,371,0,730100007aa752f65a26c90abf59c2e71eab369b
1184,1789484861.8741758,46762.7061026,371,1,7301010035d3eed18c85b02cbd501954cd1eda30
1185,1789484861.8750472,46762.7069741,371,2,7301020054580e8f3336d1ec01007301cd1eda30
1186,1789484861.893455,46762.7253819,372,0,7401000076957f046ecc3ca6289376ed4b19690a
1187,1789484861.8941445,46762.7260712,372,1,7401010034a9d6949ec1146fa12d2c883cb95acc
1188,1789484861.8949125,46762.7268394,372,2,74010200d641a7430f38090e000074013cb95acc
1189,1789484861.9134493,46762.745376,373,0,750100008e8bcc1496026151b2a667210b2e9ce8
1190,1789484861.9141734,46762.7461003,373,1,75010100764e1104a21a0a11efaaad85f554ea26
1191,1789484861.9148982,46762.746825,373,2,750102006baa0ca54670e9aa00007501f554ea26
1192,1789484861.9334536,46762.7653804,374,0,76010000db8c28cc95e686c6dc1b16cbcc8ad81c
1193,1789484861.934136,46762.7660626,374,1,76010100c1275b0cea2d9373d35b8a704d6ed2c8
1194,1789484861.9349065,46762.7668331,374,2,7601020066fce524767be961000076014d6ed2c8
1195,1789484861.9534256,46762.7853525,375,0,770100004b7ccacec4b6a3c6ce30153fae8b089f
1196,1789484861.9541323,46762.7860589,375,1,770101004f66a62c6bf516a23de898d11f607b2e
1197,1789484861.954911,46762.7868378,375,2,77010200d7a38b61158e6956000077011f607b2e
1198,1789484861.9734583,46762.805385,376,0,78010000ca749e851718b6f215374e551cb72a86
1199,1789484861.9741426,46762.8060692,376,1,780101002126818826e8ab89100ab28b393e3f4b
1200,1789484861.9749908,46762.8069175,376,2,78010200ca4d6283e2e33e9d00007801393e3f4b
1201,1789484861.9934206,46762.8253473,377,0,79010000877375071412cd13b6b220fac3da25f6
1202,1789484861.994126,46762.8260529,377,1,79010100ca3696929672baf84ce3483dc23780bf
1203,1789484861.9949079,46762.8268346,377,2,79010200369e5b950027e9fb00007901c23780bf
1204,1789484862.0134375,46762.8453642,378,0,7a010000ba942ccee812f67ccde9bc62cbf2daaa
1205,1789484862.0141304,46762.8460573,378,1,7a0101001f24de0f8de0a3b60f52a076f6303a41
1206,1789484862.0149143,46762.8468411,378,2,7a01020012738cc24f1be95b01007a01f6303a41
1207,1789484862.033459,46762.8653858,379,0,7b010000aab42ccec5558a0814879e5de9191453
1208,1789484862.0341532,46762.86608,379,1,7b010100a50eb6d4757ac40124b816c3487d0fd0
1209,1789484862.0349178,46762.8668445,379,2,7b010200aa722df45f1be9fb02007b01487d0fd0
1210,1789484862.0534794,46762.8854062,380,0,7c010000dfbfb538f806cd08eef93d123a12d8f4
1211,1789484862.0541673,46762.8860942,380,1,7c0101006fb092e6722ab38c33a751e707268622
1212,1789484862.0549285,46762.8868555,380,2,7c01020010371a74f00ab9c201007c0107268622
1213,1789484862.0734704,46762.9053973,381,0,7d01000075af4b4d4a4fca1dfb5f09128f0506d9
1214,1789484862.0741603,46762.9060873,381,1,7d01010072661074802762d32944ccdf0f180713
1215,1789484862.075017,46762.9069437,381,2,7d0102005be51e01b2e4b54f01007d010f180713
1216,1789484862.0934834,46762.9254101,382,0,7e0100007fa56d377d02f65cd746c412f4856431
1217,1789484862.094143,46762.9260697,382,1,7e0101008dd662661a4006e10d696cfbeb089b34
1218,1789484862.094909,46762.9268357,382,2,7e0102003f065428d34be92b01007e01eb089b34
1219,1789484862.113476,46762.9454029,383,0,7f0100002a9f2c0e571e37fcded63e07d2eea47f
1220,1789484862.1141694,46762.9460961,383,1,7f0101001a8113dc6ef3a6251453ceb6140b70e0
1221,1789484862.1149259,46762.9468526,383,2,7f01020077900bbda663297a00007f01140b70e0
1222,1789484862.1334534,46762.96538,384,0,800100007b7c32f61eb067fcb68d29a5c1ad3cd5
1223,1789484862.1341338,46762.9660606,384,1,80010100b6c1b49e24dd3d0f390aaaed929cf405
1224,1789484862.134911,46762.9668377,384,2,80010200e1968e1d003be9fb00008001929cf405
1225,1789484862.1534643,46762.9853909,385,0,810100005a7d33cc3a2a55d98a6db6698a7a4397
1226,1789484862.15416,46762.9860868,385,1,81010100ff660b4612660e02b194400cc2050ba1
1227,1789484862.1548946,46762.9868215,385,2,810102001d1310a9ba0ee95b00008101c2050ba1
1228,1789484862.1734793,46763.0054062,386,0,82010000da6c6eccc96aa3558227c47175153c6f
1229,1789484862.1741524,46763.0060793,386,1,8201010098f8428cb76670cdabb6f33472de23ac
1230,1789484862.175065,46763.0069919,386,2,82010200ffa81d764c60e93c0000820172de23ac
1231,1789484862.1934528,46763.0253795,387,0,830100002674736087752838a07f4890c33918bf
1232,1789484862.1941397,46763.0260663,387,1,83010100844116f18ef7f174dc08add910808c48
1233,1789484862.194915,46763.0268419,387,2,83010200ba467365c437e94b0000830110808c48
1234,1789484862.213503,46763.0454299,388,0,84010000ea74531686b5de3aa2a5824353fe3511
1235,1789484862.214155,46763.0460818,388,1,8401010091405d26221e17141d71bf2837be9a34
1236,1789484862.2149074,46763.0468341,388,2,84010200e4d9bec29d0fe9980000840137be9a34
1237,1789484862.2334685,46763.0653951,389,0,85010000fa7453069a29e5e411ce8ed01b1a5418
1238,1789484862.2341688,46763.0660955,389,1,8501010085fad831192ecc81b9b9c3e7d1b98956
1239,1789484862.234919,46763.066846,389,2,85010200a5e531220e3be9fb00008501d1b98956
1240,1789484862.253469,46763.0853957,390,0,86010000a66c22600f85a61753e6fe20a3b68ca8
1241,1789484862.254165,46763.0860918,390,1,8601010015179cf1c891c72276d2bab603a88518
1242,1789484862.2549171,46763.086844,390,2,86010200fee07f059c9b59a00000860103a88518
1243,1789484862.273475,46763.1054015,391,0,87010000b6640b7e2a94e77461b1db1a41ae7a8c
1244,1789484862.2741406,46763.1060674,391,1,870101008f365c405d7e6cb5ebb17a033f0d6b40
1245,1789484862.2750185,46763.1069454,391,2,87010200c327e2deba78e9fb000087013f0d6b40
1246,1789484862.293459,46763.1253858,392,0,88010000af640ae53ac0c6fb505216ecf51ac760
1247,1789484862.2941532,46763.1260801,392,1,88010100d48886c04d5e74050581b678c60964a7
1248,1789484862.2949123,46763.126839,392,2,8801020045689f16c03fe13f00008801c60964a7
1249,1789484862.3134413,46763.145368,393,0,890100007e9f0426b248764993c22f2eb15766ca
1250,1789484862.314133,46763.1460598,393,1,890101007b5ee2c55e0a1b53dca946f0553ebad2
1251,1789484862.3149028,46763.1468295,393,2,890102006a8e05a1fd7de9fb01008901553ebad2
1252,1789484862.3335161,46763.1654427,394,0,8a010000de9d03e4a8a1e7f771a2cb49e98c178b
1253,1789484862.334179,46763.1661057,394,1,8a010100665cc5bbe36992280374de51fd48c4cd
1254,1789484862.3349242,46763.166851,394,2,8a010200f7167e78fdbde9fb00008a01fd48c4cd
1255,1789484862.3534856,46763.1854124,395,0,8b010000a97483e54404d25199f7b5c3fc5537ef
1256,1789484862.354179,46763.1861055,395,1,8b010100b6867ec400eedf771bb570905ba882f6
1257,1789484862.3550344,46763.1869612,395,2,8b0102002b2ee38bf026e9cf00008b015ba882f6
1262,1789484862.3740406,46763.2059674,396,0,8c010000acd24fe976a70257d72b3e8e394c4540
1263,1789484862.3746724,46763.2065991,396,1,8c01010020a2b42c5a35054f2bc1ae4a4bd01691
1264,1789484862.3754654,46763.2073922,396,2,8c010200d3100b0ebdf0e9fb1d008c014bd01691
